{"cameraMode":{"drawMode":0,"name":"Shaded","section":"Shading Mode"},"sceneLighting":true,"audioPlay":false,"sceneViewState":{"m_AlwaysRefresh":false,"showFog":true,"showSkybox":true,"showFlares":true,"showImageEffects":true,"showParticleSystems":true,"showVisualEffectGraphs":true,"m_FxEnabled":true},"in2DMode":false,"pivot":{"x":34.772560119628909,"y":-10.272834777832032,"z":-42.9476318359375},"rotation":{"x":0.05874231830239296,"y":-0.13766121864318849,"z":0.008092408999800682,"w":0.9887931942939758},"size":112.0344009399414,"orthographic":true}